"","fips","num_agencies"
"1",1003,2
"2",1011,1
"3",1015,1
"4",1017,1
"5",1019,1
"6",1023,1
"7",1025,1
"8",1027,1
"9",1029,1
"10",1035,1
"11",1047,1
"12",1049,1
"13",1051,1
"14",1053,1
"15",1073,2
"16",1089,2
"17",1097,1
"18",1099,1
"19",1101,2
"20",1105,1
"21",1111,1
"22",1113,1
"23",1117,1
"24",1119,2
"25",1121,1
"26",1123,1
"27",1131,1
"28",4001,1
"29",4003,1
"30",4005,1
"31",4007,1
"32",4009,1
"33",4011,1
"34",4012,1
"35",4013,5
"36",4015,1
"37",4017,1
"38",4019,1
"39",4021,1
"40",4023,1
"41",4025,1
"42",4027,1
"43",5001,2
"44",5003,2
"45",5005,1
"46",5007,1
"47",5017,1
"48",5019,1
"49",5021,2
"50",5023,1
"51",5025,1
"52",5027,2
"53",5029,1
"54",5031,1
"55",5033,1
"56",5035,1
"57",5037,2
"58",5039,1
"59",5041,2
"60",5045,1
"61",5047,1
"62",5049,1
"63",5051,1
"64",5053,1
"65",5055,1
"66",5057,1
"67",5059,1
"68",5061,1
"69",5063,1
"70",5065,1
"71",5067,1
"72",5069,1
"73",5071,1
"74",5073,1
"75",5075,1
"76",5077,1
"77",5079,2
"78",5081,1
"79",5083,2
"80",5085,2
"81",5087,1
"82",5089,1
"83",5091,1
"84",5093,2
"85",5095,1
"86",5097,1
"87",5099,1
"88",5101,1
"89",5103,1
"90",5105,1
"91",5107,1
"92",5109,1
"93",5111,2
"94",5119,4
"95",5121,1
"96",5125,1
"97",5127,1
"98",5129,1
"99",5131,1
"100",5133,1
"101",5135,1
"102",5137,1
"103",5139,1
"104",5141,1
"105",5143,1
"106",5145,2
"107",5147,1
"108",5149,2
"109",6001,1
"110",6005,1
"111",6007,1
"112",6009,2
"113",6011,1
"114",6013,1
"115",6015,1
"116",6017,1
"117",6019,2
"118",6021,1
"119",6023,1
"120",6025,1
"121",6027,1
"122",6029,4
"123",6031,1
"124",6033,1
"125",6035,1
"126",6037,6
"127",6039,1
"128",6043,1
"129",6045,1
"130",6047,1
"131",6049,1
"132",6053,1
"133",6055,1
"134",6057,1
"135",6059,1
"136",6061,1
"137",6065,4
"138",6067,1
"139",6069,1
"140",6071,2
"141",6073,1
"142",6075,1
"143",6077,1
"144",6081,1
"145",6083,1
"146",6085,1
"147",6097,1
"148",6099,2
"149",6101,1
"150",6103,1
"151",6107,1
"152",6111,2
"153",8001,1
"154",8003,1
"155",8005,1
"156",8013,3
"157",8029,1
"158",8035,2
"159",8037,1
"160",8039,1
"161",8045,1
"162",8059,1
"163",8067,1
"164",8069,4
"165",8077,2
"166",8081,1
"167",8083,1
"168",8101,1
"169",8123,2
"170",9009,1
"171",10001,1
"172",10005,1
"173",11001,1
"174",12001,1
"175",12005,2
"176",12007,1
"177",12009,1
"178",12011,1
"179",12013,1
"180",12015,1
"181",12017,1
"182",12019,1
"183",12021,1
"184",12023,1
"185",12029,1
"186",12031,1
"187",12033,1
"188",12035,1
"189",12037,1
"190",12039,1
"191",12043,2
"192",12045,1
"193",12051,1
"194",12053,1
"195",12057,1
"196",12059,1
"197",12061,1
"198",12063,1
"199",12065,1
"200",12069,1
"201",12071,1
"202",12073,1
"203",12075,1
"204",12077,1
"205",12079,1
"206",12081,1
"207",12083,1
"208",12085,1
"209",12086,1
"210",12087,1
"211",12089,1
"212",12091,1
"213",12095,1
"214",12097,1
"215",12099,1
"216",12101,1
"217",12103,1
"218",12105,1
"219",12107,1
"220",12109,1
"221",12111,1
"222",12113,1
"223",12115,1
"224",12117,1
"225",12119,1
"226",12123,1
"227",12127,1
"228",12129,1
"229",12131,2
"230",12133,1
"231",13015,1
"232",13021,1
"233",13029,1
"234",13031,1
"235",13039,1
"236",13047,1
"237",13049,1
"238",13051,1
"239",13059,1
"240",13063,1
"241",13069,1
"242",13095,1
"243",13103,1
"244",13121,1
"245",13127,1
"246",13151,1
"247",13177,1
"248",13179,1
"249",13185,2
"250",13245,1
"251",13247,1
"252",13277,1
"253",13299,1
"254",16001,1
"255",16005,1
"256",16007,1
"257",16011,1
"258",16025,1
"259",16027,1
"260",16037,2
"261",16041,1
"262",16043,1
"263",16045,1
"264",16051,2
"265",16065,1
"266",16069,1
"267",17005,1
"268",17007,1
"269",17009,1
"270",17011,1
"271",17013,1
"272",17019,1
"273",17021,1
"274",17025,1
"275",17029,1
"276",17031,5
"277",17035,1
"278",17039,1
"279",17041,1
"280",17043,1
"281",17049,1
"282",17057,1
"283",17059,1
"284",17061,1
"285",17063,1
"286",17073,1
"287",17075,1
"288",17083,1
"289",17085,1
"290",17089,1
"291",17091,1
"292",17093,1
"293",17095,1
"294",17097,2
"295",17099,1
"296",17101,1
"297",17103,1
"298",17107,1
"299",17109,1
"300",17111,1
"301",17113,1
"302",17115,1
"303",17117,1
"304",17119,1
"305",17123,1
"306",17129,1
"307",17135,1
"308",17137,1
"309",17141,1
"310",17143,1
"311",17147,1
"312",17149,1
"313",17153,1
"314",17155,1
"315",17161,1
"316",17163,1
"317",17167,2
"318",17173,1
"319",17179,1
"320",17183,1
"321",17191,1
"322",17201,1
"323",18005,1
"324",18011,1
"325",18019,1
"326",18039,1
"327",18041,1
"328",18043,1
"329",18057,1
"330",18059,1
"331",18061,1
"332",18063,1
"333",18071,1
"334",18077,1
"335",18081,1
"336",18091,2
"337",18097,2
"338",18105,1
"339",18141,1
"340",18145,1
"341",18157,1
"342",18163,1
"343",18167,1
"344",19013,1
"345",19027,1
"346",19033,1
"347",19061,1
"348",19103,1
"349",19113,1
"350",19127,1
"351",19153,1
"352",19155,1
"353",19159,1
"354",19163,1
"355",19167,1
"356",19169,1
"357",19179,1
"358",19193,1
"359",20173,1
"360",21005,1
"361",21017,1
"362",21021,1
"363",21029,1
"364",21041,1
"365",21049,1
"366",21067,1
"367",21079,1
"368",21097,1
"369",21111,1
"370",21113,1
"371",21117,1
"372",21135,1
"373",21157,1
"374",21227,1
"375",21235,1
"376",22001,2
"377",22005,1
"378",22015,1
"379",22017,1
"380",22019,1
"381",22023,1
"382",22033,1
"383",22045,1
"384",22047,1
"385",22051,2
"386",22053,1
"387",22071,2
"388",22073,1
"389",22075,1
"390",22087,1
"391",22089,1
"392",22095,1
"393",22103,1
"394",22105,1
"395",22113,1
"396",22121,1
"397",24003,1
"398",24005,1
"399",24009,1
"400",24027,1
"401",24033,1
"402",24037,1
"403",24045,1
"404",25001,1
"405",25003,1
"406",25005,1
"407",25007,1
"408",25009,1
"409",25017,1
"410",25019,1
"411",25021,1
"412",25023,1
"413",25025,1
"414",25027,1
"415",26017,1
"416",26111,1
"417",26145,1
"418",26157,1
"419",27123,1
"420",28049,1
"421",29019,1
"422",29021,1
"423",29047,1
"424",29051,2
"425",29073,1
"426",29077,1
"427",29081,1
"428",29085,1
"429",29095,1
"430",29097,1
"431",29165,1
"432",29175,1
"433",29183,1
"434",29189,2
"435",30005,1
"436",30013,2
"437",30041,1
"438",30049,1
"439",30063,2
"440",30079,1
"441",30093,1
"442",30105,1
"443",31079,1
"444",31109,2
"445",31111,1
"446",31127,1
"447",31157,1
"448",31337,1
"449",32001,1
"450",32003,1
"451",32005,2
"452",32019,1
"453",32023,1
"454",32031,1
"455",32510,1
"456",33011,1
"457",34001,1
"458",34003,1
"459",34005,1
"460",34007,1
"461",34009,1
"462",34011,1
"463",34013,1
"464",34015,1
"465",34017,1
"466",34019,1
"467",34021,1
"468",34023,1
"469",34025,1
"470",34027,1
"471",34029,1
"472",34031,1
"473",34033,2
"474",34037,1
"475",34039,1
"476",34041,2
"477",35001,2
"478",35005,1
"479",35009,1
"480",35013,1
"481",35015,1
"482",35017,1
"483",35025,1
"484",35035,1
"485",35039,1
"486",35045,1
"487",35053,1
"488",35061,3
"489",36001,2
"490",36007,1
"491",36009,1
"492",36019,1
"493",36027,1
"494",36029,2
"495",36039,1
"496",36049,1
"497",36053,1
"498",36055,1
"499",36059,1
"500",36061,1
"501",36067,1
"502",36073,1
"503",36083,1
"504",36087,1
"505",36093,1
"506",36103,1
"507",37001,1
"508",37005,1
"509",37009,1
"510",37019,1
"511",37021,1
"512",37031,2
"513",37049,1
"514",37055,1
"515",37057,1
"516",37059,1
"517",37061,1
"518",37063,1
"519",37067,1
"520",37103,1
"521",37119,1
"522",37127,1
"523",37129,1
"524",37133,1
"525",37135,1
"526",37137,1
"527",37139,1
"528",37141,1
"529",37147,1
"530",37157,1
"531",37159,1
"532",37163,2
"533",37165,1
"534",37183,1
"535",37189,1
"536",38001,1
"537",38003,1
"538",38005,1
"539",38007,1
"540",38009,1
"541",38011,1
"542",38013,1
"543",38015,2
"544",38017,3
"545",38019,2
"546",38021,1
"547",38023,1
"548",38025,1
"549",38027,1
"550",38029,1
"551",38031,1
"552",38035,2
"553",38037,1
"554",38039,1
"555",38041,1
"556",38043,1
"557",38045,1
"558",38047,1
"559",38049,1
"560",38051,1
"561",38053,1
"562",38055,2
"563",38057,2
"564",38059,1
"565",38061,1
"566",38063,1
"567",38065,1
"568",38067,1
"569",38069,1
"570",38071,1
"571",38073,1
"572",38075,1
"573",38077,1
"574",38079,1
"575",38081,1
"576",38083,2
"577",38085,1
"578",38087,1
"579",38089,1
"580",38091,1
"581",38093,2
"582",38095,1
"583",38097,2
"584",38099,1
"585",38101,1
"586",38103,1
"587",38105,1
"588",39003,1
"589",39005,1
"590",39025,1
"591",39029,1
"592",39035,1
"593",39045,2
"594",39049,5
"595",39057,1
"596",39061,2
"597",39063,1
"598",39069,1
"599",39073,1
"600",39079,1
"601",39083,1
"602",39085,1
"603",39089,1
"604",39093,1
"605",39095,1
"606",39113,1
"607",39119,1
"608",39127,1
"609",39133,1
"610",39151,1
"611",39153,2
"612",39157,1
"613",39165,1
"614",39175,1
"615",40017,1
"616",40027,1
"617",40037,1
"618",40109,1
"619",40113,2
"620",40131,1
"621",40143,1
"622",41001,1
"623",41005,1
"624",41009,1
"625",41013,1
"626",41017,1
"627",41029,1
"628",41031,1
"629",41035,2
"630",41039,1
"631",41041,1
"632",41045,1
"633",41047,1
"634",41049,1
"635",41051,1
"636",41059,1
"637",41061,1
"638",41067,2
"639",42001,1
"640",42003,2
"641",42007,1
"642",42011,1
"643",42013,1
"644",42015,1
"645",42017,1
"646",42021,1
"647",42023,1
"648",42025,1
"649",42027,1
"650",42029,1
"651",42033,1
"652",42035,1
"653",42037,1
"654",42039,7
"655",42041,1
"656",42043,13
"657",42045,1
"658",42049,1
"659",42051,1
"660",42055,1
"661",42063,1
"662",42075,1
"663",42081,1
"664",42085,1
"665",42089,1
"666",42093,1
"667",42095,2
"668",42101,1
"669",42103,1
"670",42105,1
"671",42107,1
"672",42113,1
"673",42115,1
"674",42117,1
"675",42127,1
"676",42129,1
"677",42131,1
"678",42133,2
"679",44007,1
"680",45001,1
"681",45003,3
"682",45005,1
"683",45007,1
"684",45009,1
"685",45011,2
"686",45013,2
"687",45015,3
"688",45017,1
"689",45019,2
"690",45021,2
"691",45023,1
"692",45025,1
"693",45027,2
"694",45029,1
"695",45031,2
"696",45033,1
"697",45035,1
"698",45037,1
"699",45039,1
"700",45041,1
"701",45043,1
"702",45045,2
"703",45047,2
"704",45051,6
"705",45053,1
"706",45057,1
"707",45059,3
"708",45061,1
"709",45063,1
"710",45067,1
"711",45069,1
"712",45071,3
"713",45073,1
"714",45075,3
"715",45077,2
"716",45079,3
"717",45081,2
"718",45083,1
"719",45085,1
"720",45089,1
"721",46005,1
"722",46011,1
"723",46013,1
"724",46027,1
"725",46029,1
"726",46033,1
"727",46035,1
"728",46051,1
"729",46059,1
"730",46065,3
"731",46067,1
"732",46079,1
"733",46083,1
"734",46093,1
"735",46099,2
"736",46103,1
"737",47037,2
"738",47065,1
"739",47081,1
"740",47093,1
"741",47157,1
"742",48007,1
"743",48029,1
"744",48039,1
"745",48071,1
"746",48073,1
"747",48113,3
"748",48133,1
"749",48135,1
"750",48141,1
"751",48163,1
"752",48167,1
"753",48183,1
"754",48189,1
"755",48201,2
"756",48203,1
"757",48215,1
"758",48245,1
"759",48257,1
"760",48321,1
"761",48355,2
"762",48361,1
"763",48423,1
"764",48439,2
"765",48441,1
"766",48453,2
"767",48469,1
"768",48485,1
"769",48491,1
"770",49003,1
"771",49005,3
"772",49007,1
"773",49009,1
"774",49011,1
"775",49013,1
"776",49015,1
"777",49027,1
"778",49035,3
"779",49037,1
"780",49041,1
"781",49043,2
"782",49045,1
"783",49047,2
"784",49049,1
"785",49053,1
"786",49057,1
"787",50001,2
"788",50007,1
"789",50023,1
"790",51001,1
"791",51013,1
"792",51041,1
"793",51059,1
"794",51073,1
"795",51087,1
"796",51107,1
"797",51143,1
"798",51153,1
"799",51199,1
"800",51510,1
"801",51550,1
"802",51650,1
"803",51700,1
"804",51710,1
"805",51735,1
"806",51740,1
"807",51760,3
"808",51770,1
"809",51800,1
"810",51810,2
"811",51830,1
"812",51840,1
"813",53001,1
"814",53005,1
"815",53007,1
"816",53011,1
"817",53015,2
"818",53019,2
"819",53021,1
"820",53025,2
"821",53029,1
"822",53059,1
"823",53063,1
"824",53067,1
"825",53071,2
"826",53077,1
"827",54011,1
"828",54039,1
"829",54069,1
"830",55025,2
"831",55033,1
"832",55035,1
"833",55057,1
"834",55065,1
"835",55079,5
"836",55087,1
"837",55095,1
"838",55133,1
"839",55139,1
"840",56001,2
"841",56003,2
"842",56005,2
"843",56007,1
"844",56009,1
"845",56011,1
"846",56013,2
"847",56015,1
"848",56017,1
"849",56019,1
"850",56021,3
"851",56023,1
"852",56025,1
"853",56027,1
"854",56029,2
"855",56031,1
"856",56033,1
"857",56035,1
"858",56037,1
"859",56039,1
"860",56041,1
"861",56043,1
"862",56045,1
"863",490019,1
